Title,Rating,Votes,Duration,Genre
Conclave,7.4, 163K,2h,thriller
Babygirl,5.9, 54K,1h 54m,thriller
The Order,6.8, 44K,1h 56m,thriller
Twisters,6.5, 169K,2h 2m,thriller
Heretic,7, 140K,1h 51m,thriller
Kraven the Hunter,5.5, 56K,2h 7m,thriller
Speak No Evil,6.8, 100K,1h 50m,thriller
Trap,5.8, 139K,1h 45m,thriller
Alien: Romulus,7.1, 245K,1h 59m,thriller
Smile 2,6.7, 106K,2h 7m,thriller
Civil War,7, 238K,1h 49m,thriller
The Shrouds,6.1, 1.6K,1h 59m,thriller
The Surfer,6.5,759,1h 40m,thriller
Venom: The Last Dance,6, 118K,1h 50m,thriller
Juror #2,7, 98K,1h 54m,thriller
Longlegs,6.6, 186K,1h 41m,thriller
Furiosa: A Mad Max Saga,7.5, 286K,2h 28m,thriller
Blink Twice,6.5, 106K,1h 42m,thriller
The Beekeeper,6.3, 157K,1h 45m,thriller
Carry-On,6.5, 166K,1h 59m,thriller
Eden,6.6, 1.5K,2h,thriller
The Count of Monte-Cristo,7.6, 35K,2h 58m,thriller
Presence,6.1, 22K,1h 24m,thriller
2073,5, 2.7K,1h 25m,thriller
Wolfs,6.5, 83K,1h 48m,thriller
Dead Mail,6, 1.1K,1h 46m,thriller
Borderlands,4.7, 48K,1h 41m,thriller
Rebel Ridge,6.8, 88K,2h 11m,thriller
Subservience,5.4, 28K,1h 46m,thriller
Abigail,6.6, 97K,1h 49m,thriller
Armor,3.6, 4.1K,1h 29m,thriller
The Rule of Jenny Pen,6.2, 4.2K,1h 44m,thriller
Madame Web,4, 101K,1h 56m,thriller
Joker: Folie à Deux,5.2, 161K,2h 18m,thriller
Love Lies Bleeding,6.6, 57K,1h 44m,thriller
Oddity,6.7, 43K,1h 38m,thriller
In a Violent Nature,5.6, 26K,1h 34m,thriller
Road House,6.2, 168K,2h 1m,thriller
The Crow,4.7, 35K,1h 51m,thriller
5-Sep,7.1, 24K,1h 35m,thriller
Emilia Pérez,5.4, 88K,2h 12m,thriller
A Quiet Place: Day One,6.3, 150K,1h 39m,thriller
Absolution,5.2, 8.2K,1h 52m,thriller
Bad Boys: Ride or Die,6.5, 100K,1h 55m,thriller
Caddo Lake,6.8, 43K,1h 43m,thriller
Magpie,6.2, 3.2K,1h 30m,thriller
Bring Them Down,6.5, 3.2K,1h 46m,thriller
The Union,5.4, 53K,1h 47m,thriller
Lucky Baskhar,8, 32K,2h 28m,thriller
Argylle,5.6, 93K,2h 19m,thriller
Elevation,5.6, 22K,1h 31m,thriller
Kingdom of the Planet of the Apes,6.9, 152K,2h 25m,thriller
It's What's Inside,6.6, 42K,1h 43m,thriller
Pushpa: The Rule - Part 2,6.1, 56K,3h 21m,thriller
Never Let Go,5.4, 15K,1h 41m,thriller
Godzilla x Kong: The New Empire,6, 122K,1h 55m,thriller
Ask Me What You Want,3.9,789,1h 54m,thriller
A Different Man,6.9, 29K,1h 52m,thriller
Darkest Miriam,5.9,203,1h 27m,thriller
The Watchers,5.7, 57K,1h 42m,thriller
Don't Move,5.8, 39K,1h 32m,thriller
Die Alone,5.7, 3.2K,1h 30m,thriller
Immaculate,5.8, 53K,1h 29m,thriller
Monkey Man,6.8, 92K,2h 1m,thriller
Succubus,4.6, 1.3K,1h 43m,thriller
Homestead,5.3, 3.6K,1h 52m,thriller
The Instigators,6.2, 38K,1h 41m,thriller
The Painted,4.8,712,1h 25m,thriller
Drive-Away Dolls,5.4, 23K,1h 24m,thriller
Lift,5.5, 49K,1h 47m,thriller
Survive,4.5, 2.6K,1h 30m,thriller
MadS,6.4, 7.8K,1h 29m,thriller
Drive Back,4.7,431,1h 34m,thriller
Land of Bad,6.6, 51K,1h 53m,thriller
Logout,7.2,698,1h 48m,thriller
Cuckoo,5.7, 26K,1h 42m,thriller
Hellboy: The Crooked Man,4.5, 14K,1h 39m,thriller
Distant,5.7, 3.2K,1h 27m,thriller
Beverly Hills Cop: Axel F,6.4, 81K,1h 58m,thriller
The Seed of the Sacred Fig,7.6, 14K,2h 47m,thriller
The Killer's Game,5.8, 17K,1h 44m,thriller
Salem's Lot,5.6, 33K,1h 54m,thriller
The Luckiest Man in America,6.7,514,1h 31m,thriller
The Corpse Washer,6.2, 1.2K,1h 47m,thriller
Werewolves,4.4, 6.7K,1h 33m,thriller
Miller's Girl,5.2, 23K,1h 33m,thriller
Under Paris,5.2, 36K,1h 44m,thriller
Apartment 7A,5.9, 16K,1h 47m,thriller
The Killer,5.7, 13K,2h 6m,thriller
Sugar Baby,4,335,1h 28m,thriller
The Deliverance,5.1, 22K,1h 52m,thriller
Maharaja,8.4, 67K,2h 21m,thriller
Sleeping Dogs,6.2, 22K,1h 50m,thriller
Aftermath,5.1, 4.1K,1h 37m,thriller
Dirty Angels,4.3, 3.5K,1h 44m,thriller
F*** Marry Kill,5.3, 2.5K,1h 37m,thriller
Black Dog,7.2, 3K,1h 56m,thriller
11 Rebels,6.2,443,2h 35m,thriller
Mothers' Instinct,6.3, 21K,1h 34m,thriller
Classified,3.7, 2.6K,1h 45m,thriller
La cocina,7.1, 2.9K,2h 19m,thriller
Atlas,5.6, 56K,1h 58m,thriller
Arcadian,5.5, 23K,1h 32m,thriller
Trigger Warning,4.6, 19K,1h 46m,thriller
Time Cut,5, 19K,1h 31m,thriller
Lake George,6.4, 1.2K,1h 58m,thriller
Exhuma,6.9, 23K,2h 14m,thriller
Santosh,7.1, 2.1K,2h 8m,thriller
Slingshot,5.7, 9.6K,1h 48m,thriller
Blackwater Lane,4.6, 2.1K,1h 48m,thriller
Apocalypse Z: The Beginning of the End,6.1, 20K,1h 57m,thriller
Sting,5.7, 16K,1h 31m,thriller
Afraid,5.2, 14K,1h 24m,thriller
Kalki 2898 AD,7, 67K,3h,thriller
Here After,4.1, 1.5K,1h 33m,thriller
Rich Flu,5.2, 5.9K,1h 56m,thriller
Barron's Cove,8.3,36,1h 56m,thriller
The Correspondent,7.5,105,1h 59m,thriller
The Wasp,6.1, 4.7K,1h 36m,thriller
Canary Black,5.3, 12K,1h 41m,thriller
Cellar Door,5.3, 4.1K,1h 37m,thriller
Weekend in Taipei,5.7, 4.8K,1h 40m,thriller
Killer Heat,5.6, 14K,1h 35m,thriller
The Shadow Strays,6.5, 9.2K,2h 24m,thriller
Red Right Hand,5.5, 5.9K,1h 51m,thriller
Bad Genius,6.2, 2.3K,1h 36m,thriller
Winnie-the-Pooh: Blood and Honey 2,4.7, 11K,1h 33m,thriller
Marco,6.8, 21K,2h 25m,thriller
Long Gone Heroes,5.2, 1.1K,1h 41m,thriller
Bonhoeffer: Pastor. Spy. Assassin.,6.2, 3.6K,2h 13m,thriller
Electra,6.3,44,1h 25m,thriller
Breathe,4.2, 7.3K,1h 33m,thriller
The Devil's Bath,6.6, 6.3K,2h 1m,thriller
The Calendar Killer,5.4, 4.2K,1h 37m,thriller
Force of Nature: The Dry 2,5.8, 7.1K,2h,thriller
The Silent Hour,6.1, 7.5K,1h 39m,thriller
Something in the Water,4.1, 4.8K,1h 26m,thriller
Twilight of the Warriors: Walled In,7, 9.6K,2h 6m,thriller
Dead Talents Society,7, 2.1K,1h 51m,thriller
Kishkindha Kaandam,8, 12K,2h 13m,thriller
The Platform 2,4.9, 40K,1h 39m,thriller
Night Swim,4.7, 27K,1h 38m,thriller
Do Patti,6.4, 69K,2h 6m,thriller
Night Call,6.8, 2K,1h 37m,thriller
Colors of Evil: Red,6.4, 8.5K,1h 51m,thriller
A Sacrifice,5, 5.3K,1h 34m,thriller
Amber Alert,6, 5.7K,1h 30m,thriller
Bedspacer,4.4,345,1h 30m,thriller
Humane,5.5, 7.3K,1h 33m,thriller
The Girl in the Pool,4.3, 1.5K,1h 29m,thriller
Chief of Station,4.7, 4.6K,1h 37m,thriller
Bramayugam,7.8, 14K,2h 19m,thriller
Grafted,5.6, 2.3K,1h 36m,thriller
The Exorcism,4.2, 11K,1h 35m,thriller
Damaged,4.7, 7.3K,1h 37m,thriller
Things Will Be Different,5.2, 2.6K,1h 42m,thriller
The Mouse Trap,2.5, 3.3K,1h 20m,thriller
Cloud,6.3, 1.2K,2h 4m,thriller
Blood Star,6.1, 4K,1h 37m,thriller
Uprising,6.6, 5.6K,2h 6m,thriller
The Inheritance,4.7, 2.9K,1h 25m,thriller
Outside,5.1, 4.6K,2h 22m,thriller
No Way Up,4.6, 11K,1h 30m,thriller
Inside,7,241,1h 44m,thriller
Imaginary,4.7, 17K,1h 44m,thriller
Vanished Into the Night,5.2, 4.7K,1h 32m,thriller
Lembayung,5.9,725,2h 3m,thriller
Skincare,5.7, 4.5K,1h 36m,thriller
Boneyard,4.1, 5K,1h 36m,thriller
The Last Breath,4.7, 2.1K,1h 36m,thriller
Sharp Corner,7.1,89,1h 50m,thriller
Sumala,5.8,996,1h 52m,thriller
My Fault,4.2, 7K,2h,thriller
Desert Fiends,8.1,589,1h 46m,thriller
McVeigh,4.4,538,1h 30m,thriller
Dead Sea,5.2, 5.4K,1h 28m,thriller
V/H/S/Beyond,5.8, 9.5K,1h 54m,thriller
Winner,6.5, 2.5K,1h 43m,thriller
Sew Torn,6.6,227,1h 40m,thriller
Harbin,6.2,697,1h 48m,thriller
We Bury the Dead,7.2,110,1h 34m,thriller
Detained,4.9, 1.6K,1h 37m,thriller
In Flight,3.8,154,1h 31m,thriller
Relay,7.4,110,1h 52m,thriller
Sons,6.5, 1.9K,1h 40m,thriller
Take Cover,5.1, 2.5K,1h 30m,thriller
The Prosecutor,6.7, 2K,1h 57m,thriller
Code 8: Part II,5.7, 16K,1h 40m,thriller
Sector 36,7.1, 25K,2h 3m,thriller
Levels,5, 1.6K,1h 33m,thriller
Hold Your Breath,5.3, 8.6K,1h 34m,thriller
Dead Money,5.8,686,1h 40m,thriller
Badland Hunters,5.9, 12K,1h 47m,thriller
The Front Room,4.6, 5.4K,1h 34m,thriller
Midnight Taxi,5.3,92,1h 37m,thriller
Don't Mess with Grandma,5.8,214,1h 21m,thriller
A Mistake,5.5,782,1h 41m,thriller
The Soul Eater,5.9, 2.7K,1h 48m,thriller
Baby John,5.2, 17K,2h 39m,thriller
Bosco,5.5, 3.9K,1h 39m,thriller
Depravity,4.3, 1K,1h 57m,thriller
Believer,4.6,396,1h 48m,thriller
Undercover,7.2, 4.1K,1h 58m,thriller
5lbs of Pressure,5.2, 1.6K,1h 51m,thriller
Shelby Oaks,6,245,1h 39m,thriller
Poison Sangga: The Homewrecker's Curse,6.8,251,1h 58m,thriller
Sikandar Ka Muqaddar,6, 24K,2h 22m,thriller
Pacific Fear,3.5,215,1h 25m,thriller
Motel Destino,6.5, 1.7K,1h 55m,thriller
The Kingdom,6.9,810,1h 52m,thriller
Marmalade,6.3, 3.6K,1h 39m,thriller
The Roundup: Punishment,6.6, 5.3K,1h 49m,thriller
The Hostage,6,11,1h 27m,thriller
The Painter,4.7, 2.3K,1h 40m,thriller
Life After Fighting,6.4, 2K,2h 6m,thriller
Prey,3.7, 3.3K,1h 26m,thriller
Strictly Confidential,2.8,854,1h 34m,thriller
Mafia Wars,3.5,247,1h 34m,thriller
The Courier,6, 4.4K,1h 41m,thriller
"I, the Executioner",6.3, 1.8K,1h 58m,thriller
Viduthalai Part 2,7.8, 16K,2h 50m,thriller
It's a Good Day to Die,4.7,57,1h 27m,thriller
Sookshma Darshini,7.8, 10K,2h 22m,thriller
Outbreak,4.4,850,1h 28m,thriller
Karma,8, 1.4K,2h 47m,thriller
Jigra,6, 24K,2h 33m,thriller
Singham Again,4.7, 75K,2h 24m,thriller
Utopia,3.6,367,1h 31m,thriller
Held Hostage in My House,4.7,136,1h 30m,thriller
Crescent City,3.9, 1.4K,1h 43m,thriller
Maldoror,7,649,2h 35m,thriller
Devara Part 1,6, 20K,2h 56m,thriller
The Thundermans Return,5, 1.8K,1h 10m,thriller
River of Blood,5.1, 1.8K,1h 26m,thriller
Shell,6.5,72,1h 40m,thriller
Dominique,5.3, 2.2K,1h 40m,thriller
One More Shot,5.4, 3.7K,1h 43m,thriller
Raqa,5.6,235,1h 47m,thriller
Cora,4.6,885,1h 44m,thriller
DarkGame,4.6, 2.8K,1h 40m,thriller
Latency,4.2, 2.7K,1h 34m,thriller
Demon Slayer: Kimetsu No Yaiba - To the Hashira Training,7.1, 8.5K,1h 44m,thriller
Manjummel Boys,8.2, 27K,2h 15m,thriller
Gazer,6.1,153,1h 54m,thriller
Bogota: City of the Lost,5.4, 1.9K,1h 48m,thriller
40 Acres,6.9,138,1h 53m,thriller
Bougainvillea,6.4, 3.2K,2h 18m,thriller
Case of Kondana,5.8,676,2h 23m,thriller
Queen of Bones,4.9,206,1h 30m,thriller
House of Spoils,5, 3.8K,1h 41m,thriller
Cinderella's Revenge,3.7, 1.1K,1h 25m,thriller
Escape,6.4, 2K,1h 34m,thriller
Shark Warning,3.4,291,1h 34m,thriller
Mørkeland,6.2, 1K,1h 39m,thriller
Lazareth,4.4,938,1h 26m,thriller
Sunrise,3.8, 1.1K,1h 33m,thriller
The Contract,6.7,62,1h 45m,thriller
Maharaj,6.5, 15K,2h 11m,thriller
#AMFAD: All My Friends Are Dead,4.4, 1.2K,1h 31m,thriller
The Wages of Fear,4.6, 4.1K,1h 44m,thriller
Tyler Perry's Divorce in the Black,4.6, 3.6K,2h 23m,thriller
Rippy,4.1,871,1h 23m,thriller
Black Eyed Susan,4.9,340,1h 25m,thriller
CTRL,6.2, 6.1K,1h 39m,thriller
Bangkok Dog,4.8,203,1h 25m,thriller
Darkness of Man,4.8, 3.2K,1h 49m,thriller
Cheat,4.2,206,1h 45m,thriller
Waves,8, 1.7K,2h 11m,thriller
Joe Baby,7.3,33,1h 26m,thriller
The Clean Up Crew,4.1, 1.2K,1h 35m,thriller
The Sand Castle,4.7, 1.7K,1h 38m,thriller
Air Force One Down,4.4, 2.9K,1h 24m,thriller
Lights Out,4.9, 1.8K,1h 30m,thriller
Steppenwolf,6.5,266,1h 42m,thriller
Cold Wallet,5.1,498,1h 33m,thriller
Love Me Dead,6.6,39,1h 27m,thriller
Hidden Face,6.1,553,1h 55m,thriller
Death Whisperer 2,6.4, 1.4K,1h 50m,thriller
Article 370,7.8, 25K,2h 38m,thriller
A Desert,6.3,167,1h 43m,thriller
Zero,6,73,1h 28m,thriller
The Price of Money: A Largo Winch Adventure,5, 1.2K,1h 40m,thriller
The Stalking,3.6,43,1h 12m,thriller
Guns & Moses,8.2,47,1h 34m,thriller
All the Lost Ones,3.7,255,1h 46m,thriller
You Can't Run Forever,4.5, 4.3K,1h 42m,thriller
Compulsion,6.3,13,1h 34m,thriller
Cult Killer,4.8, 2.8K,1h 45m,thriller
Why Do You?,5.3,434,1h 43m,thriller
Succubus,3.5,850,1h 36m,thriller
Hijack '93,3.8,875,1h 27m,thriller
Peter Five Eight,3.5, 1.1K,1h 40m,thriller
The Silent Planet,4.8,239,1h 35m,thriller
Escape,5.8, 1K,2h 9m,thriller
Taboo: Family Secrets,7.4,745,1h 35m,thriller
Thalavan,7.2, 4.7K,2h 11m,thriller
Ulajh,6, 24K,2h 30m,thriller
Shaitaan,6.5, 54K,2h 12m,thriller
Spring Garden,4.4,182,1h 30m,thriller
Seven Cemeteries,4.6,625,1h 24m,thriller
The Image of You,4.6,846,1h 30m,thriller
Parallel,5.3, 2K,1h 28m,thriller
Despatch,4.3, 4.4K,2h 33m,thriller
Frankenstein: Legacy,3.7,201,1h 41m,thriller
Goldilocks and the Three Bears: Death and Porridge,2.1, 1.7K,1h 22m,thriller
Blame the Game,5.4, 5.2K,1h 32m,thriller
Anweshippin Kandethum,7.4, 10K,2h 22m,thriller
Kidnapping Inc.,6.4,275,1h 47m,thriller
Saripodhaa Sanivaaram,7, 9.1K,2h 46m,thriller
Dard,6.8, 1.9K,2h 36m,thriller
Salawahan,5.2,458,1h 56m,thriller
Alien: Rubicon,2.4,346,1h 26m,thriller
King Ivory,7.1,67,2h 10m,thriller
Heart of the Hunter,4.7, 2.2K,1h 45m,thriller
Black Cab,4.2, 1.7K,1h 28m,thriller
Out Come the Wolves,4.7, 1.5K,1h 26m,thriller
Ghost Trail,6.6,866,1h 46m,thriller
Vedaa,6, 4.3K,2h 25m,thriller
Svemu dodje kraj,6.4,331,1h 29m,thriller
Last Night on Earth,4.7,364,1h 26m,thriller
Clear Cut,3.7,561,1h 28m,thriller
In the Name of Blood,6.1,133,1h 48m,thriller
Mom,5.2,189,1h 35m,thriller
Hard Home,4,644,1h 27m,thriller
The Diary,5,931,1h 22m,thriller
American Star,5.5, 2.5K,1h 47m,thriller
Jewel Thief,6, 1K,2h 2m,thriller
Hijack 1971,6.8, 3.3K,1h 40m,thriller
Gin Ke Dus,7.6,58,1h 55m,thriller
We Are Wolves,3.5,263,1h 37m,thriller
Race for Glory: Audi vs. Lancia,5.8, 4.8K,1h 49m,thriller
Arena Wars,4.8, 2.1K,1h 36m,thriller
Are You There?,7,51,1h 28m,thriller
Merry Christmas,6.9, 30K,2h 24m,thriller
Laws of Man,5.6, 1.3K,1h 38m,thriller
Grave Torture,6.2, 2.9K,1h 57m,thriller
Boundless,5.6, 1.9K,2h 1m,thriller
Elyas,6.1, 1.4K,1h 45m,thriller
Continental Split,3.6,549,1h 28m,thriller
Scorched Earth,6.7,552,1h 41m,thriller
Sorgavaasal,6.6, 1.4K,2h 18m,thriller
The Sabarmati Report,6.4, 24K,2h 7m,thriller
Angels Fallen: Warriors of Peace,4.9, 5.8K,1h 43m,thriller
Milk & Serial,6.6, 2.5K,1h 2m,thriller
Strangers,4.3,390,1h 46m,thriller
Wynonna Earp: Vengeance,5.6, 1.5K,1h 36m,thriller
The Last Front,5.5,616,1h 38m,thriller
Hisaab Barabar,5.8, 1.8K,1h 52m,thriller
Butas,5,151,1h 52m,thriller
Cinderella's Curse,3.3, 1.3K,1h 22m,thriller
Chime,6.4, 2.3K,45m,thriller
Freedom,5.9, 1.4K,1h 50m,thriller
The Greatest of All Time,5.7, 23K,3h 3m,thriller
Following,6.5, 1.3K,1h 42m,thriller
Kryptic,6.3,100,1h 36m,thriller
Please Don't Feed the Children,5.5,68,1h 34m,thriller
Here Now,4.9,422,1h 58m,thriller
Three Kilometres to the End of the World,7,929,1h 45m,thriller
Ghost Game,3.4,323,1h 26m,thriller
Raayan,6.5, 11K,2h 25m,thriller
Scopophobia,5.8,56,1h 40m,thriller
Savi,6.1, 35K,2h 6m,thriller
Stolen,5.7, 2.2K,1h 45m,thriller
Maid Droid Origins,3,322,1h 36m,thriller
The Bad Shepherd,4.3,796,1h 31m,thriller
Disciples in the Moonlight,4,648,2h 6m,thriller
The Ruse,8.1,111,1h 45m,thriller
Wanted Man,4.8, 2.6K,1h 25m,thriller
Saint Clare,7.6,90,1h 32m,thriller
Operation Blood Hunt,3.4,490,1h 33m,thriller
Demise,4.1,315,2h 15m,thriller
Eat the Night,6.1,488,1h 46m,thriller
Seeds,6.5,72,1h 22m,thriller
KA,7.1, 1.6K,2h 31m,thriller
The Body,6.2,248,1h 56m,thriller
Bloodline Killer,3.8, 4.4K,1h 45m,thriller
Love Bomb,3,261,1h 15m,thriller
Reawakening,6.2,343,1h 30m,thriller
Unspeakable: Beyond the Wall of Sleep,6.1,55,1h 30m,thriller
Previously Saved Version,5.4,424,1h 57m,thriller
Rogue Elements: A Ryan Drake Story,4.6,987,44m,thriller
How to Make a Killing,6.6,746,1h 49m,thriller
Familia,6.8,319,2h,thriller
Yodha,5.7, 8.9K,2h 10m,thriller
Shoutai,6.9,583,2h,thriller
Way Home,6.6,755,1h 38m,thriller
72 Hours,4.1,289,1h 27m,thriller
Scurry,7.6,27,1h 30m,thriller
The Intruder,4.6,530,1h 41m,thriller
Footage,5.1, 2.4K,2h 4m,thriller
Everyone Is Going to Die,5.7,93,1h 24m,thriller
Trapped Inn,2.7,917,1h 55m,thriller
Kanguva,4.5, 15K,2h 32m,thriller
Pusaka,5.2,146,1h 30m,thriller
Went Up the Hill,6.9,78,1h 40m,thriller
Haunted Heart,4.8,475,2h 8m,thriller
The Hangman,3.3, 1K,1h 32m,thriller
Bade Miyan Chote Miyan,3.7, 39K,2h 43m,thriller
Ferry 2,5.6, 3.8K,1h 34m,thriller
Dismissed,8.6,76,1h 31m,thriller
Decoded,5.7,441,2h 36m,thriller
Possession: Kerasukan,3.6,291,1h 34m,thriller
Sheriff,6.9, 1.1K,2h 13m,thriller
1 Million Followers,4.8,685,1h 41m,thriller
The Good Teacher,6.6, 1.9K,1h 31m,thriller
Konchitsya leto,6.9,279,1h 58m,thriller
Unit 234,5.5,287,1h 26m,thriller
He Ain't Heavy,6,364,1h 42m,thriller
Amongst the Wolves,6.7,31,1h 40m,thriller
Guna guna istri muda,5.1,165,1h 38m,thriller
1978,5.4,211,1h 16m,thriller
The Cut,6.9,100,1h 39m,thriller
Steal Her Breath,6.2,86,1h 50m,thriller
Un cuento de pescadores,7.1,43,1h 43m,thriller
Faultline,5.7,105,1h 32m,thriller
Bangkok Breaking: Heaven and Hell,5.8,674,2h 26m,thriller
Cellphone,3,725,1h 28m,thriller
Sins of the Bride,6.5,95,1h 29m,thriller
She's Obsessed with My Husband,5,247,1h 28m,thriller
Bystanders,3.9,318,1h 22m,thriller
Beezel,4.9, 1.3K,1h 21m,thriller
Blue Lock: Episode Nagi,6.6, 2.5K,1h 31m,thriller
Freelance,4.8,345,1h 50m,thriller
Restless,6.7,192,1h 29m,thriller
Rest in Peace,5.8, 2.3K,1h 45m,thriller
Curse of the Seven Oceans,5.5,435,1h 34m,thriller
Roadkill,3.7,687,1h 30m,thriller
La Patasola,2.8,39,1h 32m,thriller
Interstate,3.8,183,1h 24m,thriller
The Windigo,4.7,705,1h 25m,thriller
Unexposed,7.7,71,1h 3m,thriller
The Smile Man,7.5, 1.5K,2h 2m,thriller
Within the Pines,7.9,12,1h 13m,thriller
Junction,5.2,313,1h 38m,thriller
Hellhound,4.3,507,1h 43m,thriller
Invasion,4.8,685,1h 31m,thriller
Model House,4, 1.1K,1h 25m,thriller
Boksi Ko Ghar,7.8,932,1h 56m,thriller
Adopted,4,222,1h 23m,thriller
Grassland,8.3,62,1h 28m,thriller
Klandestin,6.1,28,2h 4m,thriller
From Embers,4.5,139,1h 39m,thriller
Stepmom from Hell,4.8,145,1h 28m,thriller
Shadow Land,3.6,462,1h 29m,thriller
Mommy Meanest,5.1,256,1h 27m,thriller
The Getaway,6.5,65,1h 26m,thriller
12 to Midnight,3.6,286,1h 36m,thriller
Bionic,4.3, 1.7K,1h 50m,thriller
Mother Father Sister Brother Frank,5.8,257,1h 25m,thriller
Visfot,5.7, 1.2K,2h 10m,thriller
The Long Game,7.3,59,1h 28m,thriller
Baki Hanma VS Kengan Ashura,5.7, 1.9K,1h 2m,thriller
Stranger in the Woods,3.5, 1.3K,1h 22m,thriller
Phir Aayi Hasseen Dillruba,5.8, 6.8K,2h 12m,thriller
Black,7.1, 2.8K,1h 55m,thriller
Temurun,4.6,340,1h 25m,thriller
Altered Reality,6.3,65,1h 39m,thriller
She Came Back,5.3,94,1h 23m,thriller
The Haunted Apartment: Miss K,6.9,108,1h 43m,thriller
The Paradise of Thorns,7.6, 1.2K,2h 11m,thriller
4PM,5.7,141,1h 51m,thriller
Guilty Pleasure,4.6,131,1h 59m,thriller
The Shameless,5.8,226,1h 54m,thriller
Belle,5.8,65,1h 40m,thriller
The School Duel,8.5,79,1h 30m,thriller
Big Rage,3.5,166,1h 55m,thriller
Le Mohican,7,158,1h 27m,thriller
Black Heat,8.5,120,1h 33m,thriller
From the Ashes,5.1, 1.2K,1h 30m,thriller
Gaami,6.4, 2K,2h 27m,thriller
The Monster Beneath Us,5.7,430,1h 43m,thriller
To a Land Unknown,7.3,510,1h 45m,thriller
Yudhra,5, 13K,2h 22m,thriller
Séance Games: Metaxu,3.3,193,1h 26m,thriller
My Nanny Stole My Life,5.4,137,TV-14,thriller
Somnium,8.5,46,1h 32m,thriller
Eagle,5.9, 4.9K,2h 39m,thriller
Star Abyss,3.8,254,1h 26m,thriller
Peg O' My Heart,6.2,136,1h 37m,thriller
Justicia artificial,5.6,471,1h 38m,thriller
Non Negotiable,5.4, 1.2K,1h 27m,thriller
They Whisper,4.8,70,1h 30m,thriller
Barda,5.3,176,1h 39m,thriller
Balestra,5.1,529,2h 25m,thriller
Mr. Bachchan,3.6, 5.3K,2h 30m,thriller
Till Death Do Us Part,6.1,180,1h 30m,thriller
Bone Lake,6.9,46,1h 34m,thriller
Kotee,6.3,342,2h 30m,thriller
Cadi,6.3, 4.4K,2h 14m,thriller
Fear,8.4, 2.8K,1h 55m,thriller
Chapel,3.4,182,1h 32m,thriller
I Am Kathalan,6.7, 1.2K,1h 55m,thriller
Through the Door,3.9,80,1h 10m,thriller
Stranger Eyes,6.4,290,2h 5m,thriller
Curse of the Sin Eater,4.9,763,1h 30m,thriller
Operation Valentine,5.3, 1.4K,2h 13m,thriller
War Game,5.5,624,1h 34m,thriller
FanGirl,4.3,35,1h 20m,thriller
Gumasthan,5.8,523,2h 25m,thriller
Borderless Fog,5.2, 1.3K,1h 50m,thriller
S.T.A.L.K.E.R.: Shadow of the Zone,5.1,473,1h 12m,thriller
Paranoia,4.1,374,1h 35m,thriller
Art of Eight Limbs,4,316,1h 41m,thriller
Spirit in the Blood,4.7,373,1h 38m,thriller
Killer Influence,2.6,296,1h 24m,thriller
Dancing Village: The Curse Begins,5.7, 4.2K,2h 2m,thriller
Salve Maria,6.4,487,1h 51m,thriller
Witch,4.9, 1.4K,1h 47m,thriller
Beyond the Rush,8.2,378,1h 34m,thriller
Unpredictable,5.4,406,1h 41m,thriller
Remnant,2.6,317,1h 52m,thriller
The Redemption of Sin,5.9,198,1h 56m,thriller
Oshi no Ko: The Final Act,6.6,136,2h 9m,thriller
The Lady of the Lake,2.5,184,1h 27m,thriller
Blackout,6.1, 10K,2h 2m,thriller
Hunting with Tigers,5.6,539,1h 49m,thriller
Spithood,5.5, 1.1K,58m,thriller
Conquer: Lahad Datu,6.6,520,2h,thriller
Roommate Regret,5.3,121,1h 24m,thriller
Beacon,5.7,429,1h 36m,thriller
Hunting Matthew Nichols,8.9,46,1h 36m,thriller
Once Upon a Time in Hollyweird,2,152,1h 30m,thriller
The Carters,5.5,23,1h 15m,thriller
Out of Control,5.9,104,1h 51m,thriller
Brief History of a Family,6.7,424,1h 40m,thriller
The Manifestation,3.6,191,1h 24m,thriller
Martin,2.2, 36K,2h 27m,thriller
Arenas,7,23,1h 34m,thriller
Transplant,8.5,19,1h 33m,thriller
Last Night at Terrace Lanes,4.3,638,1h 15m,thriller
Last Known Location,6.1, 1.4K,1h 50m,thriller
Customs Frontline,5.5,494,1h 55m,thriller
Serpent's Path,5.8,290,1h 52m,thriller
Dilemma,5.6,483,1h 24m,thriller
You Shall Not Sleep Tonight,4.1,361,1h 17m,thriller
The Sleeping Woman,5.2,572,1h 50m,thriller
Fresh,7.9,28,1h 38m,thriller
Mandara,7.7,55,2h 12m,thriller
Protocol-7,5,264,1h 38m,thriller
Murder and Cocktails,3.9,363,1h 28m,thriller
The Plot,4.8,383,1h 40m,thriller
Final Heist,4.4,153,1h 23m,thriller
Charlotte,6.1,155,1h 26m,thriller
The Akaali,4.9,117,2h 25m,thriller
The Neighbor,5.3,52,52m,thriller
Kupu-Kupu Kertas,6.5,198,1h 53m,thriller
ClearMind,4.1, 2.2K,1h 25m,thriller
From Darkness,5,557,1h 35m,thriller
The Experts,6.1,285,2h 1m,thriller
Tell No Lies,5.1,246,1h 44m,thriller
Siren,6.4, 2.9K,2h 34m,thriller
Vina: Before 7 Days,5.4,593,1h 40m,thriller
Intrusive,6.9,15,2h 31m,thriller
On the Run,6.3,101,1h 40m,thriller
Demonte Colony 2,6.6, 4.4K,2h 24m,thriller
Mahadev Ka Gorakhpur,7.6,390,2h 11m,thriller
Athomugam,7,635,2h 10m,thriller
The Marriage Pass,6,126,1h 30m,thriller
Shakhahaari,7.5, 1.3K,2h 25m,thriller
The Actor,3.4,733,2h 8m,thriller
Thirst Trap,6.9,71,1h 11m,thriller
Naam,6.3,279,2h 16m,thriller
The Ritual,4.2,10,1h 40m,thriller
Jacob Tyler,4.3,59,2h 13m,thriller
10 Days of a Curious Man,5.7, 1.3K,1h 50m,thriller
Nahir,4.7, 1.1K,2h 2m,thriller
Wineville,4.3,224,1h 40m,thriller
Miki,6.6,976,1h 46m,thriller
Haunt Season,4.9,787,1h 21m,thriller
Buying Time,6.3,445,1h 24m,thriller
Malaikottai Vaaliban,6, 4.2K,2h 36m,thriller
Suckers,3.3,122,1h 7m,thriller
Firecracker,4.6,995,1h 47m,thriller
Abraham Ozler,6.6, 4.2K,2h 23m,thriller
Lioness,7.8,175,1h 44m,thriller
History of Evil,3.4,823,1h 38m,thriller
Hunting Daze,6.2,459,1h 19m,thriller
Viswam,4.2,646,2h 35m,thriller
The Girl Who Wore Yellow Lace,4.5,22,1h 22m,thriller
Haze,6.8,47,1h 16m,thriller
The Prodigy,4.9,31,1h 23m,thriller
Crosspoint,6.2,45,1h 40m,thriller
Red Night at Skye's,6.3,10,1h 22m,thriller
Sayara,5.7,280,1h 38m,thriller
Warning 2,7.1,888,2h 5m,thriller
A Widow Seduced,5,181,1h 22m,thriller
A Mirror of Deception,7.3,24,1h 27m,thriller
Quotation Gang Part 1,8.9,22,1h 58m,thriller
Karma's a Bitch,4.5,35,1h 29m,thriller
Six jours,6.1,105,1h 35m,thriller
Sattam En Kaiyil,8, 2.2K,2h 4m,thriller
Nefarious,7.1,56,1h 25m,thriller
Sikaar,8.3,677,2h 30m,thriller
Forgive Me Father,3.7,117,1h 17m,thriller
The Senator,5.7,78,1h 26m,thriller
Ooru Peru Bhairavakona,5.6, 1.7K,2h 13m,thriller
Dagr,4.4, 2.8K,1h 17m,thriller
White Rose,4.3,466,1h 57m,thriller
Swargam,4.6,307,1h 48m,thriller
Nirangal Moondru,6.1,538,2h 2m,thriller
Puntos suspensivos,6.1,449,1h 30m,thriller
Vasco Da Gama,4.7, 2.9K,2h 5m,thriller
Osomoy,6.9,461,2h 41m,thriller
The Birthday Boy,8.2, 3K,1h 58m,thriller
Fit for Murder,6,125,1h 41m,thriller
Neo-Dome,6.7,17,15m,thriller
Turkish Tharkkam,8.4,559,1h 48m,thriller
The Old Bachelor,7.9,88,3h 12m,thriller
Jurnal Risa by Risa Saraswati,4.4,294,1h 32m,thriller
The Day Everything Changed,8,80,1h 37m,thriller
The Death That Awaits,5.7,605,1h 42m,thriller
The Hunted,5.1,373,1h 34m,thriller
Sihina Nelum Mal,8.1,31,1h 45m,thriller
10FT Down,8.2,18,1h 38m,thriller
Bhoothaddam Bhaskar Narayana,6.2,283,2h 21m,thriller
Nadanna Sambhavam,5.8, 1.4K,2h,thriller
Barroz: Guardian of Treasures,3.5, 1K,2h 35m,thriller
The Goat,5.7,193,1h 31m,thriller
Sons of Rizk 3,6.7, 1.7K,2h 5m,thriller
Tenant,4.4, 2.2K,1h 36m,thriller
Drive,5.6,335,1h 30m,thriller
Earthquake Underground,3.3,199,1h 23m,thriller
Shark Girl,2.5,170,1h 22m,thriller
Bad Fish,3.4,318,1h 24m,thriller
Tobias and the Arcane Merchant,9,43,2h 47m,thriller
What Happened to Suzy,6.3,74,1h 34m,thriller
Playtime,5,48,1h 41m,thriller
The Kingdom,7.7,93,2h 13m,thriller
Lethally Blonde,4.1,60,1h 31m,thriller
Respati,5.8,295,1h 52m,thriller
Dirty Boy,8.5,20,1h 38m,thriller
Do Not Open,2.6,263,1h 31m,thriller
Perewangan,5.5,153,1h 49m,thriller
Blink,7, 1.5K,2h 16m,thriller
Karl Denke,5.8,89,1h 42m,thriller
Till Death Do Us Part,6.3,274,1h 48m,thriller
Dead Man,5.1,207,1h 49m,thriller
Rakshana,5.4, 1.1K,2h 19m,thriller
Sheeps Clothing,7.1,24,1h 26m,thriller
In Our Blood,6.9,47,1h 29m,thriller
Pierce,6.5,137,1h 49m,thriller
Prasanna Vadanam,6.6,569,2h 26m,thriller
Skeletons in the Closet,3,567,1h 32m,thriller
Passages of Nexus,5.6,265,1h 48m,thriller
13th Summer,4.3,175,1h 36m,thriller
In Vitro,6.4,132,1h 29m,thriller
Kali,7.8,424,1h 31m,thriller
What Happens in Miami,4.3,220,1h 30m,thriller
Sorop,6.9,70,1h 43m,thriller
A Killer in the House,2.7,153,1h 30m,thriller
Killer Babes,3.5,287,1h 34m,thriller
Appudo Ippudo Eppudo,4.7,231,2h,thriller
Kuyang,5.2,476,1h 37m,thriller
Antha Naal,8.2, 1.2K,1h 38m,thriller
Red,4.5,99,1h 54m,thriller
Dashmi,6.7,121,2h 15m,thriller
Road to Terzetto,7.2,36,1h 36m,thriller
Oru Kattil Oru Muri,4.6,61,2h 5m,thriller
Hitler,5.2,305,2h 8m,thriller
Checkmate,4.3,390,1h 44m,thriller
The Book of the Witch,4.5,119,1h 13m,thriller
Legally Veer,6.9, 4.8K,2h 22m,thriller
The Cursed Land,5.5,295,2h 8m,thriller
The Train of Death,4.7,691,1h 43m,thriller
The Stoic,3.6,330,1h 36m,thriller
The Wingwalker,7.1,175,1h 57m,thriller
The Girl in the Trunk,3.3,345,1h 30m,thriller
Don't Love,7.8, 1.5K,2h 57m,thriller
1134,6.3, 1.3K,1h 43m,thriller
Wake,3.4,264,1h 25m,thriller
Checkmate,6.3,308,2h 5m,thriller
The American Backyard,6.2,161,1h 47m,thriller
Tacoma,3.4,179,1h 43m,thriller
Whisper of the Witch,3.9,334,1h 35m,thriller
Séance,8.1,14,1h 25m,thriller
Campton Manor,3.4,230,1h 23m,thriller
Yeni Safak Solarken,5.7,73,2h 10m,thriller
Tezgah,5.5,89,1h 40m,thriller
Mission: Chapter 1,5.9, 1.7K,2h 24m,thriller
Amp House Massacre,3.8,189,1h 20m,thriller
Crakk: Jeetega... Toh Jiyegaa,4.7, 6.5K,2h 34m,thriller
We Work for the Dead,6.6,510,1h 24m,thriller
The Trophy Bride,6.1,47,1h 52m,thriller
Don't Look Back... I Know Your Origins,4.4,84,1h 44m,thriller
The Killers,6.1,76,1h 59m,thriller
Raastha,3.3,255,2h 9m,thriller
Mirza: Part 1 - Joker,6.8,241,2h 45m,thriller
Silence 2: The Night Owl Bar Shootout,6.2, 1.9K,2h 22m,thriller
Sorry,6.5,15,1h 20m,thriller
To Die Alone,5.8,82,1h 24m,thriller
Smoke Signals,6.3,354,1h 35m,thriller
The Playroom,6.7,160,1h 40m,thriller
Realm of Shadows,7.1,148,1h 25m,thriller
9 Windows,3.6,311,1h 22m,thriller
They Turned Us Into Killers,2.7,255,1h 26m,thriller
Agathokakological,5,143,1h 54m,thriller
Anchakkallakokkan,6.6, 1K,2h 6m,thriller
The Omicron Killer,2.9,596,1h 38m,thriller
"Rajagunj: Pooja, Sir",6.3,739,1h 55m,thriller
O2,6.6, 7.9K,1h 45m,thriller
Granny,8,7,40m,thriller
Robbin,5.6,184,1h 58m,thriller
Bonnie,7.3,38,2h,thriller
Drone,5.5,190,1h 50m,thriller
Daft State,6.3,46,18+,thriller
Cursed in Baja,6.8,26,1h 20m,thriller
EVOL: A Love Story in Reverse,5.7, 2.3K,2h 2m,thriller
I Heard You Buy Souls,3.1,47,1h 28m,thriller
Algiers,7.8,57,1h 33m,thriller
Holnap meghalok,4.7,92,1h 25m,thriller
Dog,7.3,67,1h 45m,thriller
Game On,5.3, 2.3K,2h 20m,thriller
Kill Victoria,6.1,30,1h 30m,thriller
Winner,5.4,27,1h 8m,thriller
Morena,5.6,107,1h 46m,thriller
Buzzheart,6.2,126,1h 50m,thriller
Ballistic,2.2,161,1h 35m,thriller
Chateau,4,282,1h 23m,thriller
The Promise,4.8,81,1h 26m,thriller
The Seductress from Hell,6.7,18,1h 42m,thriller
The Seeds,4.9,95,1h 53m,thriller
A Stranger's Child,5.4,132,1h 28m,thriller
Ruslaan,3.3, 1.3K,2h,thriller
A Savior Red,5.7,242,1h 27m,thriller
Death Down the Aisle,5.3,144,1h 30m,thriller
Hunters on a White Field,4.9,457,1h 40m,thriller
Abducted Off the Street: The Carlesha Gaither Story,6.9,178,1h 30m,thriller
Run!,3.5,102,1h 26m,thriller
Tummy Monster,8.1,42,1h 28m,thriller
The Silent Intruder,9.2,67,1h 59m,thriller
The Shadow,6.5,266,1h 30m,thriller
Matka,4.7,586,2h 36m,thriller
Satyabhama,5.9, 1.6K,2h 12m,thriller
Captain Miller,6.5, 8.6K,2h 37m,thriller
THEDÆMON,6.7,42,1h 27m,thriller
Twin Lies,5.6,102,1h 36m,thriller
Ballot,6.2,263,1h 42m,thriller
Foreclosure 2,3.4,114,1h 17m,thriller
Metamorfosi dell'essere,7.2,83,1h 45m,thriller
The Stepdaughter,5.3,228,1h 45m,thriller
Samandar,7.7,140,2h 52m,thriller
Dandupalayam,5.5, 1.2K,2h 17m,thriller
September Babies,5.8,289,1h 34m,thriller
Dark Feathers: Dance of the Geisha,5.9,853,1h 33m,thriller
Una storia nera,5.8,141,1h 40m,thriller
Burning Butterflies,8.5,74,1h 43m,thriller
La Fianza,7.6,27,1h 32m,thriller
You Will Die in 6 Hours,4.9,287,1h 31m,thriller
Tenant,4,212,1h 39m,thriller
Tòkunbò,3.9,297,1h 53m,thriller
Uninvited,6.3,80,1h 33m,thriller
Traumnovelle,6.4,222,1h 49m,thriller
Camp Blood: Clown Shark,3.3,87,1h 10m,thriller
Isolation,6.6,534,1h 22m,thriller
Three,4.7,39,2h 10m,thriller
Nico,8.3,46,1h 49m,thriller
Agapouse ta louloudia perissotero,5.3,182,1h 26m,thriller
Where Is Gilgamesh?,9,608,1h 30m,thriller
Noise,5.9,20,1h 35m,thriller
Silvio,3,515,1h 54m,thriller
"Blood, Beach, Betrayal",6.1,79,1h 32m,thriller
The Star City Murders,4.2,143,1h 19m,thriller
Unknown Caller,7,29,1h 3m,thriller
CID Ramachandran Retd SI,6.9,574,2h 8m,thriller
Touchdown,6.8,14,1h 18m,thriller
Una ballena,6.1,77,1h 48m,thriller
Dead Whisper,3.9,553,1h 28m,thriller
Manipula,8,28,1h 34m,thriller
Inti Number 13,7.7, 1.1K,2h 7m,thriller
Transient,6.5,369,1h 36m,thriller
Ranam Aram Thavarel,5.9,799,2h 1m,thriller
Janji Darah,4.4,154,1h 44m,thriller
Thiru.Manickam,8.1, 2.6K,2h 2m,thriller
2B Honest,5.7,91,2h 5m,thriller
Bhaje Vaayu Vegam,6.1,763,2h 16m,thriller
Overdose,9,54,2h 15m,thriller
Filthy Animals,7.3,91,1h 36m,thriller
The One That Got Away,5.9,10,56m,thriller
Pizza Boy Rick,7.3, 1.2K,1h 21m,thriller
Yesterday Is Almost Here,8.1,9,1h 32m,thriller
Sucha Soorma,6.4,919,2h 16m,thriller
Guys at Parties Like It,3.9,170,1h 19m,thriller
Deadbolt,4.6,327,1h 23m,thriller
Glory Hole,6.6,33,1h 35m,thriller
Trinil,4.5,366,1h 45m,thriller
"Silent Night, Bloody Night 3: Descent",3.3,194,1h 40m,thriller
Virundhu,4.5,675,2h 5m,thriller
The Assistant 2,6.4,28,1h 44m,thriller
"Bullets, Brothers and Blood",7.8,15,1h 25m,thriller
Ga la,4.3,20,1h 37m,thriller
A Nanny's Revenge,4,170,1h 30m,thriller
Gawaza Toxic,5,200,1h 51m,thriller
Bangsal Isolasi,4.8,163,1h 16m,thriller
The Miranda Brothers,4.4,190,1h 39m,thriller
Zateryannye,5.9,203,1h 30m,thriller
The Burden of Nine Lives,4.7,102,1h 56m,thriller
Locha Laapsi,7.2,364,1h 51m,thriller
This Never Happened,4.7,379,1h 30m,thriller
Cicada,8,128,2h,thriller
Rendel: Cycle of Revenge,3.6,246,1h 39m,thriller
Saindhav,5.1, 1.6K,2h 18m,thriller
Sakaratul Maut,5.4,173,1h 47m,thriller
Lampir,5.6,190,1h 37m,thriller
Der Deserteur,9.1,10,1h 33m,thriller
Feet of Death,3.9,229,1h 46m,thriller
Heather,4.7,19,1h 13m,thriller
The Evil Three,6.6,998,30m,thriller
The Strange Dark,8.9,41,1h 24m,thriller
A Strange House,5.5,322,1h 50m,thriller
Zebra,7.2, 3.2K,2h 44m,thriller
Crocodile Tears,6.8,115,1h 38m,thriller
The A-Frame,7.2,38,1h 22m,thriller
Dying to Be Famous,4.2,135,1h 25m,thriller
Una jirafa en el balcón,5.3,59,1h 30m,thriller
Tenement,4.7,118,1h 28m,thriller
The Moon Thieves,6.1,255,1h 48m,thriller
Self Driver,7,68,1h 30m,thriller
Woman with the Red Lipstick,5.4,194,1h 27m,thriller
Who's Cheating Who?,7.9,70,1h 36m,thriller
Water Horse,5.9,241,1h 25m,thriller
"Aire, Just Breathe",4.8,194,1h 38m,thriller
The Weekend,6.4,39,1h 57m,thriller
Üç Harfliler: Nazar,4.7,137,1h 34m,thriller
Breaking Tradition,6.7,27,1h 27m,thriller
Veppam Kulir Mazhai,7, 2.2K,2h 12m,thriller
37 : L'ombre et la proie,5.7,128,1h 33m,thriller
Dangerous Affair,6.1,21,1h 32m,thriller
Amityville Bigfoot,3,143,1h 28m,thriller
"Hemet, or the Landlady Don't Drink Tea",4.3,88,1h 29m,thriller
The Memory in My Heart,8.5,45,1h 44m,thriller
Losing Lerato 2,9.1,34,1h 36m,thriller
Shark Island,3.2,115,1h 21m,thriller
A Knife in the Dark,3.2,89,1h 16m,thriller
In the Name of God,5.2,159,1h 29m,thriller
Never Have I Ever,6.2,18,1h 37m,thriller
Flesh of the Unforgiven,9.2,42,1h 28m,thriller
Surviving Lake Lanier,6.6,80,1h 30m,thriller
Beware the Boogeyman,5.3,584,1h 50m,thriller
Agastya - Chapter 1,6.9,597,2h 48m,thriller
Hovering Blade,6.1,238,1h 47m,thriller
Sinful Lies,6.9,8,1h 5m,thriller
C.D: Criminal or Devil,7.4, 1.3K,1h 43m,thriller
Green Bones,7.7,191,1h 36m,thriller
Wild Animal,8.3,13,19m,thriller
The People Before,7.6,10,1h 27m,thriller
Trophy Wife,4.7,59,1h 28m,thriller
Locust,5.6,53,2h 8m,thriller
Obraz,7.6,18,1h 35m,thriller
A Girl with Closed Eyes,6.4,17,1h 45m,thriller
My Husband Hired a Hitman,4.5,90,1h 32m,thriller
El aspirante,5.1,87,1h 34m,thriller
Snow Valley,2.8,342,1h 15m,thriller
Midas,4.6,341,1h 25m,thriller
Pattaya Heat,5.6,224,1h 57m,thriller
Os Enforcados,7,64,2h 3m,thriller
Hunt,5.8,29,2h,thriller
Wannabe,4.6,126,1h 42m,thriller
Quantum Suicide,6.3,18,1h 27m,thriller
Ameena,6.4,19,1h 47m,thriller
Deadly Fiancée,3.6,99,1h 37m,thriller
Sweet Simona,5.4,149,1h 28m,thriller
Above the Knee,6.3,60,1h 30m,thriller
Black Spines,6.9,24,1h 40m,thriller
The Reflected Self,7.3,41,1h 41m,thriller
Warrior Awang and Master Tok Gajah,4.6,476,1h 58m,thriller
Catch a Killer,6.4,12,1h 22m,thriller
The Hunter's Anthology: The Demon Hunter,5,97,2h 6m,thriller
Double Ismart,2.9, 2.1K,2h 36m,thriller
Swoon,5.7,16,1h 23m,thriller
Abhi,8.1,45,2h 15m,thriller
The Company Called Glitch That Nobody and Everybody Wanted,3.4,193,1h 47m,thriller
Cold Blows the Wind,3.9,354,1h 25m,thriller
Echo 8,3.9,205,1h 36m,thriller
Hombres Íntegros,7.7,31,1h 29m,thriller
The Jester from Transylvania,4.8,37,1h 42m,thriller
La coda del diavolo,5.5,437,1h 35m,thriller
Dosen Ghaib: It's Nighttime or You Already Know,4.1,290,1h 34m,thriller
Lost Angels,6.9,27,1h 36m,thriller
Bond of Justice: Kizuna Part I - Encounter,6.2,18,1h 32m,thriller
Nina,5.7,390,1h 45m,thriller
Operation Laila,5.5,55,2h 3m,thriller
Global Harmony,6.8,88,1h 35m,thriller
Raju Gari Ammayi Naidu Gari Abbayi,8.2, 3.1K,2h 38m,thriller
Teenz,4.4,864,2h 2m,thriller
The Epidemic,5.8,71,1h 35m,thriller
Bury Him,7.4,13,1h 28m,thriller
Mong Vuot,5.2,126,1h 36m,thriller
Tale of the Land,6.3,13,1h 39m,thriller
Ame no naka no yokujô,5.9,80,2h 12m,thriller
Purgatory Station,3.3,57,1h 49m,thriller
The Girl with the Fork,3.5,194,1h 34m,thriller
Kuang Bao Ju Xi,5.9,74,1h 15m,thriller
ElemenTory,4.5,256,1h 50m,thriller
Hell Is Other People,6.5,22,2h 3m,thriller
Project Dorothy,3.9, 3.2K,1h 20m,thriller
Finder,6.1,87,1h 51m,thriller
The Can,9,27,1h 33m,thriller
Pottel,8.2, 2.7K,2h 28m,thriller
Swing Bout,8.7,175,1h 30m,thriller
Tariq,6.2,18,2h 2m,thriller
Sugar Mami,7.6,76,1h,thriller
La mort viendra,6,42,1h 41m,thriller
Final Girl: Halloween,4.6,109,1h 25m,thriller
Scene Number 62,5.2,90,2h 6m,thriller
Hubba,5.9, 1.1K,2h 15m,thriller
Routa,6.5,31,2h 7m,thriller
Night Shoot,5.7,83,1h 38m,thriller
The Captives,3.5,66,1h 13m,thriller
Obayifo Project,5.3,354,1h 11m,thriller
Reloaded 2,7.7, 1.1K,45m,thriller
Exit,8.8,58,1h 47m,thriller
Kiss of the Con Queen,7.2,28,1h 57m,thriller
Pikhaas,9.5,12,2h 14m,thriller
Johatsu,5.1,37,1h 23m,thriller
Fanatic,4.9,22,1h 30m,thriller
The Mousetrap,7.2,22,1h 27m,thriller
Election,5.8,803,2h,thriller
Charlie Tango,3.9,109,1h 38m,thriller
Koon,9,111,1h 31m,thriller
Haunting Trophies,7.7,66,2h 30m,thriller
Beyond Your Consciousness: The Beginning,6.5,52,1h 30m,thriller
This Land of Mine,5.7,11,1h 30m,thriller
Scammy Boys,4.3,56,1h 44m,thriller
Married to a Balla,6.7,98,1h 44m,thriller
Ext. Car. Night,5,89,1h 13m,thriller
Three,6.5,191,1h 33m,thriller
Lucy Grizzli Sophie,6.9,139,1h 29m,thriller
Pa Tako Lep Dan Je Bil,7.6,61,1h 30m,thriller
The Haunting of Hollywood,7.1,268,1h 25m,thriller
Bozji gnjev,7.2,59,1h 51m,thriller
Omar,6.2,262,2h 5m,thriller
The Sisters,4.7,152,2h 2m,thriller
The Voicemail,7.1,10,1h 23m,thriller
Dark Deceptions,6.2,36,1h 22m,thriller
Blood and Black,7.4, 1.1K,1h 28m,thriller
The Whip,6.4,77,1h 22m,thriller
Kangaroo,6.3,174,2h 20m,thriller
Sway,7.8,21,1h 39m,thriller
Bato: Road to Death,5.4,773,2h 17m,thriller
In Tenebras: Into the Darkness,3.3,174,1h 30m,thriller
Spark,5.3,51,1h 50m,thriller
105 Minutes,4.1, 2.3K,2h,thriller
Bloodline,9.2,50,1h 20m,thriller
Under the Influencer,3.6,57,1h 43m,thriller
Deadly Obsession,6.8,17,1h 30m,thriller
The Sintern,4.7,157,1h 38m,thriller
Pride,9,13,2h 5m,thriller
Aiden,2.6,125,1h 14m,thriller
Marni: The Story of Wewe Gombel,5.8,221,1h 59m,thriller
Mind Wave,5.4,81,1h 17m,thriller
Perfumed with Mint,6,25,1h 51m,thriller
DNA,5.1,211,2h 36m,thriller
Agrinai,8,66,1h 33m,thriller
Abaddon's Pit,5.6,43,1h 33m,thriller
Mudo Kannu,6.6, 2.1K,1h 40m,thriller
Deadly Invitations,4.1,180,1h 29m,thriller
Kokuhaku Confession,5.6,151,1h 14m,thriller
Penaruti rupu,6.2,60,1h 39m,thriller
The Unrighteous,4.7,27,1h 27m,thriller
Kali,5.1,420,1h 36m,thriller
Pasar Setan,6.8,59,1h 36m,thriller
Make a Wish,4.2,33,2h 53m,thriller
The Apocalypse Box,3.3,242,1h 26m,thriller
Cândido,6.3,61,1h 39m,thriller
Joshua: Imai Pol Kaka,4.5,586,2h 10m,thriller
Shahkot,7.8,65,1h 55m,thriller
Vijay LLB: The Advocate,7,30,2h 5m,thriller
Pariah,6.3,84,1h 23m,thriller
Dying for Fame,5.3,154,1h 29m,thriller
Para Betina Pengikut Iblis: Part 2,4,120,1h 30m,thriller
Mephisto,5.4,62,1h 48m,thriller
Aarambham,6.7,482,2h 14m,thriller
Edge of Summer,7.3,42,1h 30m,thriller
A yard of jackals,7.4,36,1h 48m,thriller
BhamaKalapam 2,5.8,272,2h 8m,thriller
Insane Like Me?,4.5,54,1h 26m,thriller
Cry of Silence,6.2,73,1h 56m,thriller
Highway Sheila: Resurrection,8.5,52,2h 20m,thriller
Melanie's Grave,4.2,102,1h 41m,thriller
Trolled,4.2,21,1h 20m,thriller
Who's Watching Us,3.2,45,1h 21m,thriller
Pungut,6.9,12,1h 40m,thriller
El salto,5.7,171,1h 36m,thriller
Housekeeping,6,41,1h 38m,thriller
Kartam Bhugtam,6.5,203,2h 11m,thriller
Fentasy,5,131,1h 25m,thriller
Tipppsy,8.2,33,1h 55m,thriller
Waterdrop,7.2,39,1h 30m,thriller
Keep Breathing,3.5,12,1h 52m,thriller
Daemon Mind,4.9,33,1h 41m,thriller
Lethal Love Affair,3.7,52,1h 46m,thriller
Devil Hunters,8.8,127,2h,thriller
An Mang Lau 4,6.4,24,1h 46m,thriller
The Past Comes Knocking,5.7,79,1h 21m,thriller
Happily Married,8, 1K,1h 30m,thriller
The Alien Report,4.6,151,1h 21m,thriller
Jagat,8,70,2h 21m,thriller
Bahumukham,8.5, 4.2K,1h 30m,thriller
Silk Saree,8.3, 1.5K,2h,thriller
Eravamo bambini,6.4,206,1h 41m,thriller
On Saniye,5.6,96,1h 12m,thriller
Undying,6.7,13,26m,thriller
The Camp Host,4.3,291,1h 35m,thriller
Black.White.Red.,7.8,24,1h 33m,thriller
Kurukku,6.6,532,1h 49m,thriller
Nindha,7.9, 2K,2h 2m,thriller
Karanliktan Kacis,6.5,21,1h 37m,thriller
Played and Betrayed,5.6,79,2h 15m,thriller
La Sombra del Juez,8.7,21,1h 50m,thriller
The Perfect Mother,5.4,45,1h 32m,thriller
Simharoopini,9.2,14,2h 5m,thriller
Partners,4.8,119,1h 50m,thriller
Anak Perjanjian Syaitan 2,6.6,33,1h 29m,thriller
Serial Beauty,5,36,1h 30m,thriller
The Box,3.6,72,1h 19m,thriller
Sir,7.9, 1.8K,2h 12m,thriller
Chasing Raine,2.3,187,1h 41m,thriller
Toxic Harmony,5.1,29,1h 32m,thriller
Night Games,5.9,289,1h 39m,thriller
Undefiled,6,87,1h 55m,thriller
The Deceitful Wife,5.8,21,1h 31m,thriller
The Judgement,8.8,71,2h 31m,thriller
Room 0,3.1,213,1h 42m,thriller
Honeymoon,6.7,88,1h 24m,thriller
Blood Dried Hands,5.4,36,1h 55m,thriller
Top Floor,5.9,52,1h 14m,thriller
Park,7,376,1h 57m,thriller
Somebody,8.6,24,1h 52m,thriller
Raavsaheb,8.4,7,2h 18m,thriller
Thrayam,4.2,75,1h 54m,thriller
The Mercedes Story: A Troubled Soul,7.6,20,2h 8m,thriller
Avatar Purusha 2,4.7,148,2h 4m,thriller
River of Ghosts,3,306,1h 42m,thriller
El Tiburón,7.8,6,1h 33m,thriller
The Gatekeeper,5.3,18,1h 37m,thriller
Lipstick,6.4,28,2h 25m,thriller
Highway 905,7.8,19,1h 26m,thriller
Suburban Nightmare,4.8,29,1h 30m,thriller
Dünya Mali: Eksi Bir,7.2,17,2h 13m,thriller
Sabari,6.5, 5.4K,2h 9m,thriller
Matinee,7.6,884,2h 13m,thriller
Custom,6.7,43,1h 16m,thriller
Lorry Chapter-1,5.7, 2.4K,3h 3m,thriller
Once Upon a Time in Amityville,3.6,51,1h 13m,thriller
The Women in the Lakes,4.9,28,2h 21m,thriller
The Legend of the Vagabond Queen of Lagos,7.8,37,1h 40m,thriller
As Neves,5.4,161,1h 23m,thriller
Clownface 3,9,36,1h 44m,thriller
Sambavami Yuge Yuge,7.6,625,2h 43m,thriller
IRaH,6.9,308,2h 20m,thriller
Hebzucht,3.3,9,1h 33m,thriller
Beline,5.4, 1.3K,1h 28m,thriller
Naa Ninna Bidalaare,7.8, 1.1K,2h 22m,thriller
Eddie.,5.3,88,1h 44m,thriller
The Creep,6.2,46,2h 9m,thriller
Niyathi,6.8,172,1h 53m,thriller
Shi Ren Yu,2.6,9,1h 11m,thriller
My Little Nightmare,2.4,104,2h 13m,thriller
Psycho Ex,4.3,448,1h 20m,thriller
Jason in Indianapolis: A Friday the 13th Tribute,7.2,20,2h,thriller
Do It for the Gram,4,50,1h 30m,thriller
Dark World,4.9,15,2h 15m,thriller
Watch Them Come Blood,8,6,1h 22m,thriller
The Night of the Harvest,4.5,496,2h 6m,thriller
Ebony Hustle 2: Ballistic Protection,3.3,41,1h 35m,thriller
Murderous Intentions,4.8,24,1h 17m,thriller
Frka,7.7,75,1h 49m,thriller
I Saw Black Clouds,4,27,1h 19m,thriller
Nasha Jurm Aur Gangsters,6.6, 2.6K,2h 17m,thriller
Vergüenza,6.9,24,1h 43m,thriller
Arctic Hollow,2.3,181,1h 10m,thriller
Marine Drive,9.5,50,1h 45m,thriller
Tóxico,5.9,12,1h 28m,thriller
Hindsight 2020,7.9,20,2h,thriller
Winemaker,5.9,28,59m,thriller
Salvajes,5.6,60,1h 30m,thriller
Lizzie Lazarus,4.4,101,1h 31m,thriller
Maunam,8.5,45,1h 46m,thriller
Kanni,9.1,178,2h 7m,thriller
Suami Yang Lain,8,37,1h 52m,thriller
Murivu,7.3,404,1h 42m,thriller
Hangar,7.6,8,1h 24m,thriller
Weapon,5.4, 5.5K,2h,thriller
Mi bestia,5.6,81,1h 16m,thriller
Godless Children,6.6,17,1h 39m,thriller
4N6,9.6,62,1h 57m,thriller
Barba Ensopada de Sangue,5.5,17,1h 48m,thriller
The Rapper Who Got Shot in the Heel,3.7,19,50m,thriller
Lubuk,6.6,81,1h 26m,thriller
London Recruits,9.1,11,1h 44m,thriller
Manson: Summer of Blood,6.2,32,1h 2m,thriller
Voploshchenie,4.4,25,2h 12m,thriller
Supplier Shankara,9.3,71,2h 43m,thriller
10/31 Part 4,5.6,17,1h 27m,thriller
Dickweed,7.1,36,1h 30m,thriller
Buio come il cuore,7.8,25,1h 41m,thriller
Fresh Off Markham,7,40,1h 25m,thriller
Döngü,5.6,117,1h 21m,thriller
31st Movie,9.6,19,2h 25m,thriller
Re Xue Ran Shao,4.2,18,1h 53m,thriller
The Suspect List,6.4,187,2h,thriller
The Caller,6.8,11,1h 20m,thriller
"Fallen Leaves, Broken Lighters",7.7,7,1h 36m,thriller
I Hate You,7.9, 2K,1h 57m,thriller
Maybe It's True What They Say About Us,6.3,114,1h 34m,thriller
Dead Community Guild,8,16,1h 5m,thriller
Segredos,5.7,19,2h,thriller
Smrst,5.5,157,2h 2m,thriller
The Devil and Red Wine,6.2,27,1h 41m,thriller
Normas para una página de sucesos,7.2,20,59m,thriller
Kaljiga,8.2,39,1h 54m,thriller
Diari de la meva sextorsió,6.5,53,1h 4m,thriller
The Restoration,5.6,40,1h 18m,thriller
The Eye of the Salamander,7.9,20,1h 21m,thriller
Thankamani,4.6,229,2h 36m,thriller
Gadera,5.1,50,1h 48m,thriller
Gold Boy,6.5,134,2h 9m,thriller
Ibiza Dark,8.4,16,1h 35m,thriller
Viraaji,7.8, 2.6K,1h 40m,thriller
Dan Hawk Psychic Detective,4.7,39,1h 8m,thriller
Shell of Fear,4.9,33,1h 33m,thriller
Jurassic Exorcist,3.8,23,1h 16m,thriller
My Life Is on the Line,5.5,125,TV-PG,thriller
Shadows of Betrayal: Chronicles of Ian Blair,7.3,12,1h 5m,thriller
Neighbors Who Kill,5.1,34,1h 30m,thriller
Darshini,8.5, 2.1K,2h,thriller
Blue Christmas,5.6,21,1h 19m,thriller
Goodbye Hamdi,6.2,10,1h 25m,thriller
Dharma Daiva,7.8,25,1h 52m,thriller
Indera,6,13,1h 44m,thriller
Natatorium,5.7,104,1h 45m,thriller
The Dealer,8.3,12,2h,thriller
7 Keys,6.4,31,1h 33m,thriller
The Red Files,8.5,607,2h 23m,thriller
Padres,8.7,21,1h 23m,thriller
Orah,7.1,20,1h 35m,thriller
Snatched,5,8,1h 11m,thriller
Thalakona,5.7, 1K,2h 8m,thriller
The Spirit Hunter,4.3,25,1h 42m,thriller
Surprise 3,5,41,1h 42m,thriller
Tiempo de Pagar,7.4,48,1h 3m,thriller
Landkrimi: Steirergift,6.4,70,1h 30m,thriller
Trap,3.8,16,1h 58m,thriller
Earworm,2.3,212,1h 41m,thriller
P2,3.8,8,1h 45m,thriller
Die Before You Die,6.8,30,1h 44m,thriller
Reeza GTR,7,15,1h 31m,thriller
Mukhya Gamanika,8.5, 2.1K,2h 5m,thriller
Tauba Tera Jalwa,5.8,16,2h 10m,thriller
Karna Pisachi,7.8, 2.5K,1h 43m,thriller
My Bloody Galentine,5.2,115,1h 42m,thriller
The Millers,1.8,57,1h 23m,thriller
Pandemic 2020,7.6,51,1h 30m,thriller
House on Rockingham,3.7,134,1h 18m,thriller
Irani Chai,8.6,11,2h,thriller
Bigul,9.3,46,2h 24m,thriller
The Break of Dawn,4,16,1h 37m,thriller
Historias invisibles,6.4,27,1h 50m,thriller
Something in the Dark,7.1,23,1h 27m,thriller
Grey Games,8.8, 1.1K,2h 1m,thriller
Poison,6.9,22,2h,thriller
Aranam,7.5,402,2h 7m,thriller
Secret Shadow,6.8,17,1h 22m,thriller
Scarred to Death,4.5,43,1h 30m,thriller
Hundswut,6.1,71,2h 4m,thriller
Piri Reis: The Incredible Chart,6.9,22,2h 18m,thriller
Sanak,8.7,9,2h 33m,thriller
Gossip to Die For,5.3,82,1h 34m,thriller
Break War,2.4,15,1h 26m,thriller
Hain,2.9,45,1h 35m,thriller
Nerve,9.7,13,1h 30m,thriller
Wasabi - not a fairy tale,5,12,1h 59m,thriller
Fire of Love: RED,3.4,9,2h 10m,thriller
The Housekeeper,6.8,8,1h 30m,thriller
My Home Hero the Movie,6.1,8,1h 57m,thriller
Hejjaru,8.8,286,2h 6m,thriller
The Very Last Christmas,8.5,12,1h 15m,thriller
Max Beyond,6.6,17,1h 33m,thriller
There Is a Monster,3.8,169,1h 22m,thriller
Insurance Jimmy,6.5,149,1h 50m,thriller
Cuadrilátero,7.5,10,1h 21m,thriller
Interrogation,7.8,6,2h 2m,thriller
Pigment,4.8,21,1h 32m,thriller
Chef Chidambara,5.5, 1.1K,1h 45m,thriller
Kaliachak: Chapter1,7.3,124,1h 47m,thriller
The Last Five Days: The Freak Building,3.8,58,1h 1m,thriller
Choke,7.9,19,1h 38m,thriller
Siragan,7,152,2h 10m,thriller
Leha,2.3,42,1h 38m,thriller
Remote,8.9,17,1h 13m,thriller
Veekshanam,8, 2K,2h 2m,thriller
Jaspal,7.4,29,1h 46m,thriller
Hope & Glory,6.6,145,44m,thriller
Beautiful Rage: The Break of Dawn,7.1,10,2h 20m,thriller
Apokrif,8.7,20,1h 4m,thriller
Saapala,6,40,2h 4m,thriller
Dead Boys Club,6.2,24,1h 45m,thriller
The Bottom Line,6.5,12,1h 47m,thriller
Kanmani Pappa,6.2,25,2h 10m,thriller
The Ego Death of Queen Cecilia,9.2,8,1h 25m,thriller
Uruku Patela,6.6,904,2h 2m,thriller
Dream Lock,8.6,21,1h 40m,thriller
Aftergames,7.9,18,1h 21m,thriller
All We Wanted,3.5,72,1h 43m,thriller
Hocus Focus,7.9,19,1h 25m,thriller
Nueva Tierra,7.6,30,2h 3m,thriller
LLB: Life Line of Bachelors,7.9,162,2h 2m,thriller
The Loop,5.8,14,1h 19m,thriller
Maven,9.4,44,2h 15m,thriller
Balu Gaani Talkies,8,84,2h 2m,thriller
Mayavanam,1.7,286,1h 43m,thriller
Dheera,7.9, 1.3K,2h 3m,thriller
AK47,7.2,14,2h 26m,thriller
Muzhskoe slovo,6.5,462,1h 34m,thriller
Birthmark,4.5,191,1h 57m,thriller
ONENESS,9.3,18,1h 55m,thriller
My Rocking Chair,7.4,8,1h 4m,thriller
Societat negra,7.2,22,2h 16m,thriller
"Crickets, It's Your Turn",6.1,41,1h 45m,thriller
My First Year Off Campus,8,20,1h 25m,thriller
Aham Reboot,6.2, 1.2K,1h 31m,thriller
Firework,6.2,13,1h,thriller
Di Renjie: Tongtian xuan an,7.2,16,1h 25m,thriller
Talahib,5.6,17,1h 23m,thriller
Targeted,5.2,14,1h 17m,thriller
House of Screaming Glass,3.3,51,1h 46m,thriller
Travesty,6.4,5,1h 18m,thriller
"Milk, Rice, and the Blood",9,53,45m,thriller
Revu,8.1, 2.1K,2h 14m,thriller
Nayan Rahasya,4.7,169,1h 54m,thriller
Ahalya,6.7,9,2h 12m,thriller
Green Card,6.1,17,1h 55m,thriller
Assemblage,7,13,1h 32m,thriller
No Such Person,6.5,16,1h 21m,thriller
Mano Propia,7.3,31,1h 39m,thriller
Boarding House,6,12,1h 26m,thriller
Who Killed Angel Adams?,6.3,24,1h 16m,thriller
Sada Ronger Prithibi,8.2,574,2h 33m,thriller
The Burden of Guilt,8.1,18,1h 41m,thriller
Abnormal: Buas,5.6,26,1h 30m,thriller
Iravin Kangal,8.1,171,1h 56m,thriller
Un monde violent,6.2,17,1h 25m,thriller
Blitz,7.2,8,6m,thriller
Squali,7.7,8,1h 46m,thriller
Abduction Chronicles,8.4,36,2h 6m,thriller
Mindwash,4.8,103,1h 25m,thriller
The Midnight Gag,5.6,9,1h 20m,thriller
Vladimir,7.8,16,1h 12m,thriller
Fated,6.1,78,1h 33m,thriller
Sragaal,8.4,19,2h 20m,thriller
Spin the Wheel,6,87,1h 42m,thriller
Hidden Memories,5.9,31,1h 24m,thriller
GADDAR - Bloody Waters,4,49,1h 16m,thriller
Dirty Dilemma,5.4,704,1h 4m,thriller
Sangharshana,7.3, 1.6K,1h 42m,thriller
Pagalariyaan,4.5,683,1h 51m,thriller
Robin's Kitchen,2.8,20,1h 44m,thriller
Bharathanatyam,5.7, 1.6K,2h 49m,thriller
Delirio,5.8,15,1h 14m,thriller
Chupp,6.7,11,2h 13m,thriller
Jimmy's Friends,7,11,1h 34m,thriller
Framed,4.9,69,Not Rated,thriller
Eyes Don't Lie,8.4,10,1h 30m,thriller
Crypto Shadows,5.8,93,1h 20m,thriller
Nudus,7.6,38,1h 34m,thriller
Dead Talk Tales: Volume I,6.6,26,1h 38m,thriller
Problematic Intentions,4.6,15,1h 30m,thriller
Psycho Roommate,4.7,13,1h 18m,thriller
The Deal,8.5,26,2h 10m,thriller
Los Justos,6.4,74,1h 19m,thriller
Anthima Theerpu,7, 1.5K,2h 13m,thriller
Shoroter Joba,4.6,21,2h 3m,thriller
Dangerous Link,4.6,14,1h 30m,thriller
A kiút,9.6,60,47m,thriller
Obscura,6.4,9,1h 29m,thriller
Conviction,7,36,1h 37m,thriller
Zehan,4.9,26,1h 53m,thriller
IZLIYORLAR,7.2,29,1h 53m,thriller
Combat Code: Hunt,7.4,17,1h 16m,thriller
Joy Hanu Man,8.9,25,2h 23m,thriller
Kenda,8.9,20,2h 15m,thriller
Never Escape,8.9,369,1h 55m,thriller
Fractured,7.1,14,1h 30m,thriller
Akkaran,4.6,26,1h 47m,thriller
Una via fredda per l'inferno,6.1,67,1h 22m,thriller
Ananya,8.8,880,2h 16m,thriller
Kreem,6.8,128,1h 55m,thriller
Nasoor - Let's Restart,9.8,21,1h 56m,thriller
3Devi,9,21,2h 6m,thriller
The Daughter,4,6,1h 37m,thriller
Maantrika,9.2,268,1h 49m,thriller
Kinoplenka N8,4.2,56,1h 50m,thriller
Dr. Jason II - Lights & Shadows,4.9,329,1h 2m,thriller
Krzyk: Losing Control,6.2,11,1h 20m,thriller
What Lies Within,5.3,13,1h 30m,thriller
Oculi - Det eneste vitnet,7.9,15,1h 32m,thriller
Malam Pertobatan,6.8,12,1h 21m,thriller
Spending Some Time Together,6.9,28,2h 26m,thriller
Dheera Samrat,9.8,99,2h 3m,thriller
KM17,3.2,40,1h 24m,thriller
Der Dritte Gast,3.3,41,1h 13m,thriller
Mesken (Messuage),7.5,38,1h 42m,thriller
Sathyam,7.3,8,2h 14m,thriller
Tatva,8.3,30,58m,thriller
Bulanik,4.6,16,1h 31m,thriller
Kurban: Budak Iblis,4.4,15,1h 27m,thriller
La Cigüeña,6.2,5,1h 38m,thriller
Rong Dhong,8.8,41,1h 58m,thriller
Vi possiamo salvare,2.7,102,1h 29m,thriller
Useful Idiots,8.3,19,1h 32m,thriller
Vypusti menya,6.6,32,1h 20m,thriller
Blues de la Civilización,5.3,7,1h 9m,thriller
Vorovka,4.8,51,1h 30m,thriller
Lúgubre,8.4,13,1h 20m,thriller
Rudrakshapuram 3KM,8.8, 2K,1h 56m,thriller
Marigold,8.9,64,2h 7m,thriller
Dla waszego dobra,5.9,9,1h 40m,thriller
Mercy of Others,6.6,13,1h 45m,thriller
Beauty Grace Malice,7.6,44,1h 21m,thriller
Uno Sir,6.4,44,1h 46m,thriller
Compression,8,13,2h 4m,thriller
Unwelcome Home,7.6,6,1h 15m,thriller
Aprokashito,8,7,1h 50m,thriller
Killer Baby Daddy,3.9,14,1h 18m,thriller
Las Corredoras,6.3,37,1h 50m,thriller
Strangers,7.4,7,1h 39m,thriller
You Were Promised to Me,4.8,6,1h 32m,thriller
Martin liest den Koran,7.9,171,1h 46m,thriller
Bahirbhoomi,4.1, 1.1K,2h,thriller
Ellige Payana Yavudo Daari,8.2,255,2h 14m,thriller
Wilhelm Gustloff,8.7,8,1h 50m,thriller
Klaantha,6.2,518,1h 47m,thriller
Killcon,9.5,14,31m,thriller
Im Haus der alten Augustin,8.3,14,1h 48m,thriller
Kabandha,9.3,29,2h 4m,thriller
Corridor,6,9,1h 48m,thriller
The Vent,8.9,14,3m,thriller
Brahmavaram PS Paridilo,8.6, 2.7K,1h 44m,thriller
Namak,4.5,13,1h 15m,thriller
Demon Host,6.4,20,1h 20m,thriller
Bush Knife,7,7,1h 30m,thriller
Scholarship,4.7,56,1h 45m,thriller
Young doctor's notes,3.5,6,1h 26m,thriller
First Person Savior,4.9,12,1h 21m,thriller
Chacaleria,8.1,419,1h 56m,thriller
Boney Island Reality Show,4.3,23,1h 27m,thriller
Tafakur,5.4,37,1h 22m,thriller
Vexier,7.7,10,1h 24m,thriller
Passazhiry,4.5,32,1h 20m,thriller
Praapthi,8.5,519,2h 10m,thriller
Mash Ville,6.9,18,2h 6m,thriller
Tragic,8.9,19,1h 36m,thriller
Un día cualquiera,5.7,15,1h 30m,thriller
Anartha,9.3,219,2h 7m,thriller
I Curse This Land,4,87,1h 26m,thriller
Gull Lake Vice II: The Delusion Continues,8.2,16,58m,thriller
Terrorise,4.6,14,1h 17m,thriller
Removal of the Eye,6.9,8,1h 33m,thriller
Vae Victis,7.8,5,1h 26m,thriller
Horror Unmasked,3.6,18,Not Rated,thriller
Yaa Devi Sarva Bhuteshu,8.7,8,1h 59m,thriller
Kiss Wagon,6,13,2h 53m,thriller
Within the Walls,6.4,14,1h 36m,thriller
Story Time with Devon,9,9,55m,thriller
Mertsanie,5.6,18,1h 32m,thriller
SMB-plush presents trick or death,8.8,16,2h,thriller
Where the Mountain Women Sing,5.9,9,15m,thriller
The Milano Effect,5.4,30,1h 15m,thriller
Rodnya,7.7,9,1h 39m,thriller
Yentha Panichesav Chanti,9.5,85,2h 15m,thriller
Pinnil Oral,6,113,2h 7m,thriller
Yagna,5.9, 1.1K,2h 11m,thriller
StarGazer: The Need of the Many,5,9,47m,thriller
Restoring Grace,3.3,44,1h,thriller
Tormenta en el Corazón,5.6,76,1h 35m,thriller
Khoroshie devochki,8.2,5,1h 31m,thriller
Sarcophagus of Drunken Loves,5.9,10,8m,thriller
Moya devochka,6.8,14,1h 15m,thriller
Skotodini,8.8,13,1h 21m,thriller
Sanketh,8,14,1h 52m,thriller
Dvija,8.4,518,2h 7m,thriller
Vmeste navsegda,8.2,6,1h 33m,thriller
Verified,5.2,9,1h 37m,thriller
Laberinto de sombras,6.7,7,1h 50m,thriller
Il Guru,8.4,6,1h 56m,thriller
Balipe,8.5,12,1h 59m,thriller
Missing in STL,5.1,8,52m,thriller
Lumme,7.6,32,1h 32m,thriller
Applepictures the Poseidon Legacy,6.4,19,1h 24m,thriller
Ngesot,4.8,18,1h 27m,thriller
Lachrymose Primrose,6.3,39,1h 37m,thriller
The Hunt for August Red,6.6,22,1h 47m,thriller
Dhanussh,6.9,18,2h 25m,thriller
Meghna Konnya,4.2,9,2h 1m,thriller
Spider-Man: Dimension Rift,8.4,13,2h 7m,thriller
So It Goes,3.3,19,1h 17m,thriller
The Kingfish 2,7.9,10,1h 12m,thriller
Krapiva: Tsvetok smerti,6.1,56,1h 21m,thriller
Redención en la Oscuridad,8.9,8,1h 29m,thriller
Una luz afuera,6.4,7,1h 20m,thriller
Once Passed On,6.6,6,1h 31m,thriller
Cageling,5.9,8,1h 9m,thriller
Adrishya Awaaz,8.8,7,1h 20m,thriller
One More Day,7.3,6,50m,thriller
New Squam City,8,6,1h 11m,thriller
Gadha17,8,11,1h 30m,thriller
